component	tumor_type	class	name	cluster_id	cluster_name	UMAP1	UMAP2
Bladder-TCC_M10	Bladder-TCC	SBS28	SBS28/SBS9	2	Topo-CanAPOBEC	-0.19009528	0.15221766
Bladder-TCC_M8	Bladder-TCC	SBS92	SBS92	3	Topo-Tr	-1.4546857	0.6939007
Bladder-TCC_M9	Bladder-TCC	Mu3	Mu3	0	Topo-CanD II	5.9704127	1.018409
Bladder-TCC_SBS1	Bladder-TCC	SBS1	SBS1	4	Topo-5mc	-1.0195276	5.270287
Bladder-TCC_SBS13	Bladder-TCC	SBS13	SBS13	2	Topo-CanAPOBEC	-0.8833328	0.6144892
Bladder-TCC_SBS18	Bladder-TCC	SBS18	SBS18	8	Topo-CanD I	5.8488765	1.8567784
Bladder-TCC_SBS2	Bladder-TCC	SBS2	SBS2	2	Topo-CanAPOBEC	-0.404978	0.41958997
Bladder-TCC_SBS5	Bladder-TCC	SBS5	SBS5	2	Topo-CanAPOBEC	-0.5616075	0.5423573
Bladder-TCC_SBS8	Bladder-TCC	SBS4	SBS4	0	Topo-CanD II	6.222307	1.4015777
Bladder-TCC_SBS92	Bladder-TCC	SBS92	SBS92	0	Topo-CanD II	5.993356	2.2787971
Breast-All_Bsig1	Breast-All	SBS16	SBS16	3	Topo-Tr	-4.2381115	3.058415
Breast-All_Bsig10	Breast-All	SBS2	SBS2	2	Topo-CanAPOBEC	0.62433714	0.52453953
Breast-All_Bsig11	Breast-All	SBS41	SBS41	3	Topo-Tr	-4.526776	2.7634935
Breast-All_Bsig12	Breast-All	SBS8	Mu2/SBS8	8	Topo-CanD I	4.2125764	0.06986561
Breast-All_Bsig13	Breast-All	SBS13	SBS13	1	Topo-RepAPOBEC	-3.2127216	2.6028562
Breast-All_Bsig14	Breast-All	SBS3	Mu1:HRD	7	Topo-Rep	-3.2849658	2.9702384
Breast-All_Bsig15	Breast-All	Mu2	Mu2	1	Topo-RepAPOBEC	-2.1045814	3.079111
Breast-All_Bsig16	Breast-All	SBS8	SBS8:HRD	6	Topo-StressD	0.68885195	2.0852826
Breast-All_Bsig17	Breast-All	SBS17b	SBS17b	6	Topo-StressD	2.5347862	0.9445227
Breast-All_Bsig18	Breast-All	Mu4	Mu4	4	Topo-5mc	-1.3110372	4.8425555
Breast-All_Bsig2	Breast-All	Mu7	Mu5	7	Topo-Rep	-1.714781	4.5429163
Breast-All_Bsig3	Breast-All	SBS2	SBS2/SBS13	1	Topo-RepAPOBEC	-3.2740488	2.6879544
Breast-All_Bsig4	Breast-All	SBS35	SBS31	6	Topo-StressD	1.6051587	1.7868365
Breast-All_Bsig5	Breast-All	SBS1	SBS1	4	Topo-5mc	-1.2671394	6.4574847
Breast-All_Bsig6	Breast-All	SBS30	SBS30	2	Topo-CanAPOBEC	0.4882101	0.6896323
Breast-All_Bsig7	Breast-All	SBS18	SBS18	6	Topo-StressD	-0.8624443	6.512374
Breast-All_Bsig8	Breast-All	SBS34	SBS34	3	Topo-Tr	-3.5995276	1.8405441
Breast-All_Bsig9	Breast-All	SBS5	SBS16:no strand bias	7	Topo-Rep	-0.13022828	3.2264938
Cervix-All_M5	Cervix-All	Mu3	Mu3	6	Topo-StressD	1.7008011	0.4390958
Cervix-All_M6	Cervix-All	Mu2	Mu2	6	Topo-StressD	0.27292797	1.9867792
Cervix-All_M7	Cervix-All	SBS5	SBS5	7	Topo-Rep	-1.4855623	3.073862
Cervix-All_SBS1	Cervix-All	SBS1	SBS1	4	Topo-5mc	-0.94596493	6.6154704
Cervix-All_SBS13	Cervix-All	SBS13	SBS13	1	Topo-RepAPOBEC	-3.1588762	2.5369985
Cervix-All_SBS18	Cervix-All	SBS18	SBS18	8	Topo-CanD I	4.0736327	-0.08169293
Cervix-All_SBS2	Cervix-All	SBS2	SBS2	1	Topo-RepAPOBEC	-2.2785468	1.500421
ColoRect-AdenoCA_M12	ColoRect-AdenoCA	SBS42	SBS84/SBS85	2	Topo-CanAPOBEC	0.4029471	0.45819417
ColoRect-AdenoCA_M13	ColoRect-AdenoCA	Mu5	Mu5	6	Topo-StressD	0.92120236	0.073742054
ColoRect-AdenoCA_SBS1	ColoRect-AdenoCA	SBS1	SBS1	4	Topo-5mc	-1.1545283	7.1362767
ColoRect-AdenoCA_SBS13	ColoRect-AdenoCA	SBS13	SBS13	3	Topo-Tr	-3.126017	1.4662076
ColoRect-AdenoCA_SBS17a	ColoRect-AdenoCA	SBS17a	SBS17a	0	Topo-CanD II	5.633273	1.810142
ColoRect-AdenoCA_SBS17b	ColoRect-AdenoCA	SBS17b	SBS17b	0	Topo-CanD II	5.6557693	2.2135737
ColoRect-AdenoCA_SBS18	ColoRect-AdenoCA	SBS18	SBS18	7	Topo-Rep	-1.713467	5.5677247
ColoRect-AdenoCA_SBS34	ColoRect-AdenoCA	SBS34	SBS34	1	Topo-RepAPOBEC	-2.508595	2.803314
ColoRect-AdenoCA_SBS36	ColoRect-AdenoCA	SBS18	SBS36	8	Topo-CanD I	5.3354454	1.5178819
ColoRect-AdenoCA_SBS4	ColoRect-AdenoCA	SBS8	SBS8	0	Topo-CanD II	6.004342	1.3162569
ColoRect-AdenoCA_SBS41	ColoRect-AdenoCA	SBS88	SBS88	3	Topo-Tr	-3.9392695	1.65206
ColoRect-AdenoCA_SBS5	ColoRect-AdenoCA	SBS5	SBS5/SBS30	3	Topo-Tr	-2.6835325	1.4405823
ColoRect-AdenoCA_SBS51	ColoRect-AdenoCA	SBS51	SBS51	0	Topo-CanD II	6.3112965	0.989722
ColoRect-AdenoCA_SBS93	ColoRect-AdenoCA	SBS93	SBS93	2	Topo-CanAPOBEC	1.132443	-0.13442662
Eso-AdenoCA_M11	Eso-AdenoCA	SBS17a	SBS17a:early replicating	7	Topo-Rep	-2.8134787	2.791386
Eso-AdenoCA_M12	Eso-AdenoCA	SBS17b	SBS17b:early replicating	6	Topo-StressD	2.178808	1.9035391
Eso-AdenoCA_M13	Eso-AdenoCA	Mu3	Mu3	0	Topo-CanD II	5.9677486	1.3177087
Eso-AdenoCA_M14	Eso-AdenoCA	SBS3	SBS3?	7	Topo-Rep	0.77949184	1.5113744
Eso-AdenoCA_M15	Eso-AdenoCA	SBS3	Mu1:HRD	3	Topo-Tr	-3.543389	1.4523872
Eso-AdenoCA_M16	Eso-AdenoCA	SBS34	SBS34:MSI	2	Topo-CanAPOBEC	2.6767895	0.5759106
Eso-AdenoCA_SBS1	Eso-AdenoCA	SBS1	SBS1	4	Topo-5mc	-1.1733996	7.115812
Eso-AdenoCA_SBS13	Eso-AdenoCA	SBS13	SBS13	1	Topo-RepAPOBEC	-2.9444485	2.602491
Eso-AdenoCA_SBS17a	Eso-AdenoCA	SBS17a	SBS17a	0	Topo-CanD II	6.461376	1.8780159
Eso-AdenoCA_SBS17b	Eso-AdenoCA	SBS17b	SBS17b	0	Topo-CanD II	6.5436287	2.0191581
Eso-AdenoCA_SBS18	Eso-AdenoCA	SBS18	SBS18	8	Topo-CanD I	6.1587977	1.5941298
Eso-AdenoCA_SBS2	Eso-AdenoCA	SBS2	SBS28	2	Topo-CanAPOBEC	0.6505706	0.30861393
Eso-AdenoCA_SBS28	Eso-AdenoCA	SBS28	SBS28	0	Topo-CanD II	6.517705	2.0785613
Eso-AdenoCA_SBS36	Eso-AdenoCA	SBS18	SBS18	6	Topo-StressD	1.0267583	1.4166803
Eso-AdenoCA_SBS5	Eso-AdenoCA	SBS30	SBS5	7	Topo-Rep	-2.894602	3.5509815
Eso-AdenoCA_SBS8	Eso-AdenoCA	SBS8	SBS8	8	Topo-CanD I	4.2967014	0.31277487
Eso-AdenoCA_SBS93	Eso-AdenoCA	SBS93	SBS93	6	Topo-StressD	2.1987832	1.2181466
Head-SCC_M10	Head-SCC	Mu3	Mu3	8	Topo-CanD I	4.5328097	1.3735377
Head-SCC_M11	Head-SCC	SBS16	SBS16	3	Topo-Tr	-4.2089324	1.9286791
Head-SCC_M8	Head-SCC	SBS17b	SBS17b	8	Topo-CanD I	4.423461	1.3777674
Head-SCC_M9	Head-SCC	SBS5	SBS5	7	Topo-Rep	-2.3851473	4.597851
Head-SCC_SBS1	Head-SCC	SBS1	SBS1	4	Topo-5mc	-1.3455372	6.908553
Head-SCC_SBS13	Head-SCC	SBS13	SBS13	1	Topo-RepAPOBEC	-2.8536682	2.9672494
Head-SCC_SBS18	Head-SCC	SBS18	SBS18	6	Topo-StressD	-0.60498726	1.4254038
Head-SCC_SBS2	Head-SCC	SBS2	SBS2	2	Topo-CanAPOBEC	-0.75859964	1.2384484
Head-SCC_SBS3	Head-SCC	SBS8	SBS8	6	Topo-StressD	-0.86886215	1.2233634
Head-SCC_SBS33	Head-SCC	SBS33	SBS33	4	Topo-5mc	-1.4810586	5.732388
Head-SCC_SBS4	Head-SCC	SBS4	SBS4	8	Topo-CanD I	4.887942	1.45932
Head-SCC_SBS5	Head-SCC	Mu2	Mu2	8	Topo-CanD I	3.7206962	0.48539633
Kidney-All_M10	Kidney-All	SBS22	SBS22:late replicating	8	Topo-CanD I	4.0880203	1.3641983
Kidney-All_M11	Kidney-All	SBS22	SBS22:early replicating	6	Topo-StressD	2.3327484	1.355513
Kidney-All_M12	Kidney-All	Mu5	SBS40	7	Topo-Rep	-3.0205135	3.6052115
Kidney-All_M9	Kidney-All	SBS3	Mu5	7	Topo-Rep	-1.54166	1.5604478
Kidney-All_SBS1	Kidney-All	SBS1	SBS1	4	Topo-5mc	-0.9562611	6.857671
Kidney-All_SBS13	Kidney-All	SBS13	SBS13	2	Topo-CanAPOBEC	2.9425075	0.5258738
Kidney-All_SBS17b	Kidney-All	SBS17b	SBS17b	8	Topo-CanD I	2.766375	1.1720507
Kidney-All_SBS18	Kidney-All	SBS100	SBS4	8	Topo-CanD I	3.6428697	0.9240533
Kidney-All_SBS2	Kidney-All	SBS2	SBS2	2	Topo-CanAPOBEC	-1.9165714	1.3617034
Kidney-All_SBS40a	Kidney-All	SBS30	SBS5/SBS30	6	Topo-StressD	-1.1506517	1.7259
Kidney-All_SBS40b	Kidney-All	SBS40	SBS40b	3	Topo-Tr	-3.9372046	1.7778527
Kidney-All_SBS40c	Kidney-All	SBS40	SBS40c	3	Topo-Tr	-4.690657	2.9231744
Kidney-All_SBS5	Kidney-All	SBS5	SBS16	6	Topo-StressD	0.35752648	1.1614687
Liver-HCC_M10	Liver-HCC	SBS92	SBS92	7	Topo-Rep	-1.0749756	4.882327
Liver-HCC_M11	Liver-HCC	SBS35	SBS35	6	Topo-StressD	1.7040303	2.1190424
Liver-HCC_M13	Liver-HCC	Mu6	Mu6	8	Topo-CanD I	2.6907983	0.66034657
Liver-HCC_M14	Liver-HCC	SBS40	SBS40	3	Topo-Tr	-4.210853	1.7615122
Liver-HCC_M15	Liver-HCC	Mu3	Mu3	6	Topo-StressD	1.5208867	2.4662557
Liver-HCC_M17	Liver-HCC	SBS28	SBS28	7	Topo-Rep	-1.4529141	4.742483
Liver-HCC_M18	Liver-HCC	Mu2	Mu2/SBS13	8	Topo-CanD I	3.3715527	0.34662008
Liver-HCC_M19	Liver-HCC	SBS22	SBS22	7	Topo-Rep	0.17462493	3.16106
Liver-HCC_SBS1	Liver-HCC	SBS1	SBS1	4	Topo-5mc	-1.7419128	5.5400314
Liver-HCC_SBS12	Liver-HCC	SBS12	SBS12	6	Topo-StressD	2.4670422	1.0116354
Liver-HCC_SBS16	Liver-HCC	SBS16	SBS16	3	Topo-Tr	-4.470343	2.6697245
Liver-HCC_SBS17b	Liver-HCC	SBS17b	SBS17b	7	Topo-Rep	-0.4845974	3.9612842
Liver-HCC_SBS18	Liver-HCC	SBS18	SBS18	8	Topo-CanD I	1.7959772	2.2883546
Liver-HCC_SBS4	Liver-HCC	SBS24	SBS24	7	Topo-Rep	-1.3345859	3.0031803
Liver-HCC_SBS5	Liver-HCC	SBS30	SBS30	7	Topo-Rep	-1.8993952	4.9945498
Liver-HCC_SBS8	Liver-HCC	SBS4	SBS4	8	Topo-CanD I	3.7467718	0.46631023
Liver-HCC_SBS85	Liver-HCC	SBS85	SBS85	2	Topo-CanAPOBEC	1.8683397	0.6120728
Liver-HCC_SBS92	Liver-HCC	SBS19	SBS19	6	Topo-StressD	2.135204	0.6296775
Lung-All_M10	Lung-All	SBS18	SBS18	8	Topo-CanD I	2.3474507	0.4433368
Lung-All_M11	Lung-All	SBS4	SBS4	0	Topo-CanD II	5.1721954	1.6774809
Lung-All_M12	Lung-All	SBS17b	SBS17b	0	Topo-CanD II	6.3857684	1.8539696
Lung-All_M13	Lung-All	SBS42	SBS85/SBS84	2	Topo-CanAPOBEC	-0.48437506	1.1742163
Lung-All_M14	Lung-All	SBS4	SBS4	7	Topo-Rep	-2.3028538	3.9468682
Lung-All_M15	Lung-All	Mu6	Mu6	8	Topo-CanD I	3.3599012	0.75775117
Lung-All_M16	Lung-All	SBS92	SBS92:late replicating	2	Topo-CanAPOBEC	1.356743	0.05112012
Lung-All_M17	Lung-All	SBS3	Mu5	7	Topo-Rep	-1.4587052	1.776209
Lung-All_M7	Lung-All	SBS92	SBS92:early replicating	6	Topo-StressD	-0.9486428	2.0132828
Lung-All_M8	Lung-All	SBS33	SBS33	6	Topo-StressD	1.3818276	0.31513697
Lung-All_M9	Lung-All	SBS16	SBS16	3	Topo-Tr	-4.727547	2.9028
Lung-All_SBS1	Lung-All	SBS1	SBS1	4	Topo-5mc	-1.3117017	7.0049233
Lung-All_SBS13	Lung-All	SBS13	SBS13	1	Topo-RepAPOBEC	-3.0150914	2.594408
Lung-All_SBS18	Lung-All	SBS4	SBS4	6	Topo-StressD	2.0253272	1.6487898
Lung-All_SBS2	Lung-All	SBS2	SBS2	2	Topo-CanAPOBEC	-1.0551543	1.3060933
Lung-All_SBS22	Lung-All	SBS4	SBS4/SBS22	3	Topo-Tr	-1.2307023	1.1918479
Lung-All_SBS3	Lung-All	SBS5	SBS5	6	Topo-StressD	1.9905497	1.8460712
Lung-All_SBS4	Lung-All	SBS4	SBS4	8	Topo-CanD I	5.1697	1.3723565
Ovary-AdenoCA_Osig1	Ovary-AdenoCA	SBS1	SBS1	4	Topo-5mc	-1.2158277	6.115531
Ovary-AdenoCA_Osig10	Ovary-AdenoCA	SBS35	SBS35	7	Topo-Rep	-0.27905574	3.6365132
Ovary-AdenoCA_Osig11	Ovary-AdenoCA	SBS13	SBS13/SBS2	7	Topo-Rep	-0.6223707	3.8272338
Ovary-AdenoCA_Osig12	Ovary-AdenoCA	SBS3	Mu5	7	Topo-Rep	-1.5037974	3.611946
Ovary-AdenoCA_Osig2	Ovary-AdenoCA	SBS3	Mu1:HRD	7	Topo-Rep	-1.6980412	3.665486
Ovary-AdenoCA_Osig3	Ovary-AdenoCA	SBS30	SBS30	6	Topo-StressD	-0.19666068	3.4586332
Ovary-AdenoCA_Osig4	Ovary-AdenoCA	SBS8	SBS8:HRD	6	Topo-StressD	0.32117516	2.4107707
Ovary-AdenoCA_Osig5	Ovary-AdenoCA	SBS16	SBS16	3	Topo-Tr	-0.765046	4.258196
Ovary-AdenoCA_Osig6	Ovary-AdenoCA	SBS18	SBS18	6	Topo-StressD	0.11960115	3.1653762
Ovary-AdenoCA_Osig7	Ovary-AdenoCA	SBS8	SBS8:HRP	8	Topo-CanD I	4.111902	0.20931545
Ovary-AdenoCA_Osig8	Ovary-AdenoCA	SBS12	SBS12	6	Topo-StressD	0.2275493	2.7738743
Ovary-AdenoCA_Osig9	Ovary-AdenoCA	Mu5	Mu5	7	Topo-Rep	-1.0066053	4.817648
Panc-AdenoCA_M10	Panc-AdenoCA	Mu4	Mu4	4	Topo-5mc	-1.0230778	5.8095374
Panc-AdenoCA_M13	Panc-AdenoCA	SBS8	Mu2/SBS8	0	Topo-CanD II	6.218534	1.0083356
Panc-AdenoCA_M14	Panc-AdenoCA	SBS85	SBS85	2	Topo-CanAPOBEC	0.3474046	0.6981579
Panc-AdenoCA_M15	Panc-AdenoCA	SBS3	SBS3	6	Topo-StressD	2.6373057	1.827333
Panc-AdenoCA_M16	Panc-AdenoCA	SBS34	SBS34	1	Topo-RepAPOBEC	-2.3256123	2.147054
Panc-AdenoCA_SBS1	Panc-AdenoCA	SBS1	SBS1	4	Topo-5mc	-0.895286	7.0798073
Panc-AdenoCA_SBS13	Panc-AdenoCA	SBS13	SBS13	1	Topo-RepAPOBEC	-2.9892545	2.3451173
Panc-AdenoCA_SBS17b	Panc-AdenoCA	SBS17b	SBS17b	0	Topo-CanD II	5.7401304	2.276803
Panc-AdenoCA_SBS18	Panc-AdenoCA	SBS18	SBS18	0	Topo-CanD II	6.045027	1.379957
Panc-AdenoCA_SBS2	Panc-AdenoCA	SBS2	SBS2	2	Topo-CanAPOBEC	0.7511929	0.15450557
Panc-AdenoCA_SBS3	Panc-AdenoCA	SBS3	Mu1:HRD	7	Topo-Rep	-3.0628455	3.8757186
Panc-AdenoCA_SBS30	Panc-AdenoCA	SBS30	SBS5/SBS30	6	Topo-StressD	1.2544606	1.5276961
Panc-AdenoCA_SBS5	Panc-AdenoCA	SBS92	SBS5/SBS16	3	Topo-Tr	-3.4079468	1.3649868
Panc-AdenoCA_SBS8	Panc-AdenoCA	SBS8	SBS8:HRD	6	Topo-StressD	1.5987737	1.3417143
Panc-AdenoCA_SBS9	Panc-AdenoCA	SBS28	SBS28	7	Topo-Rep	-1.5698903	1.9036249
Prost-AdenoCA_M10	Prost-AdenoCA	SBS37	Mu5	8	Topo-CanD I	3.4947696	-0.1934516
Prost-AdenoCA_M11	Prost-AdenoCA	SBS13	SBS13	2	Topo-CanAPOBEC	0.41303515	0.5246101
Prost-AdenoCA_M12	Prost-AdenoCA	SBS16	SBS16	3	Topo-Tr	-1.4026434	4.729451
Prost-AdenoCA_M13	Prost-AdenoCA	SBS40	SBS40b	3	Topo-Tr	-4.593329	3.0324306
Prost-AdenoCA_M14	Prost-AdenoCA	SBS42	SBS42/SBS84	6	Topo-StressD	0.3566309	2.2772627
Prost-AdenoCA_M8	Prost-AdenoCA	SBS23	SBS23/SBS5	7	Topo-Rep	-2.4513946	4.343752
Prost-AdenoCA_SBS1	Prost-AdenoCA	SBS1	SBS1	4	Topo-5mc	-1.052707	6.416695
Prost-AdenoCA_SBS18	Prost-AdenoCA	SBS18	SBS18	8	Topo-CanD I	3.998069	-0.14414616
Prost-AdenoCA_SBS2	Prost-AdenoCA	SBS2	SBS2	2	Topo-CanAPOBEC	0.87398016	0.9464692
Prost-AdenoCA_SBS3	Prost-AdenoCA	SBS3	SBS3	7	Topo-Rep	-2.5410578	4.122864
Prost-AdenoCA_SBS33	Prost-AdenoCA	SBS33	SBS33	6	Topo-StressD	-0.66702944	1.4501767
Prost-AdenoCA_SBS41	Prost-AdenoCA	SBS34	SBS34	3	Topo-Tr	-3.815258	1.653422
Prost-AdenoCA_SBS5	Prost-AdenoCA	SBS92	SBS5	6	Topo-StressD	2.123761	0.35123694
Prost-AdenoCA_M9	Prost-AdenoCA	Mu8	Mu8	6	Topo-StressD	0.14080581	1.820494
Prost-AdenoCA_SBS8	Prost-AdenoCA	SBS8	SBS8:HRD	6	Topo-StressD	-1.1609485	1.7119882
Skin-Melanoma_M11	Skin-Melanoma	SBS28	SBS28	6	Topo-StressD	0.025019784	1.3715184
Skin-Melanoma_M12	Skin-Melanoma	SBS93	SBS93	3	Topo-Tr	-4.6428547	2.9483957
Skin-Melanoma_M13	Skin-Melanoma	SBS17b	SBS17b	6	Topo-StressD	1.3108724	1.368101
Skin-Melanoma_SBS1	Skin-Melanoma	SBS1	SBS1	4	Topo-5mc	-1.4987286	5.9872394
Skin-Melanoma_SBS13	Skin-Melanoma	SBS13	SBS13	7	Topo-Rep	-2.797409	3.7030976
Skin-Melanoma_SBS18	Skin-Melanoma	SBS18	SBS18	6	Topo-StressD	1.2097632	1.414303
Skin-Melanoma_SBS2	Skin-Melanoma	SBS2	SBS2	6	Topo-StressD	3.2896218	1.5472653
Skin-Melanoma_SBS3	Skin-Melanoma	SBS3	SBS3	7	Topo-Rep	-2.5471518	3.665056
Skin-Melanoma_SBS38	Skin-Melanoma	SBS38	SBS38	6	Topo-StressD	1.3939058	1.6035701
Skin-Melanoma_SBS5	Skin-Melanoma	SBS17b	SBS17b:early replicating	7	Topo-Rep	-2.5739615	4.451551
Skin-Melanoma_SBS7a	Skin-Melanoma	SBS7a	SBS7a	6	Topo-StressD	3.0968034	1.7198182
Skin-Melanoma_SBS7b	Skin-Melanoma	SBS7b	SBS7b	7	Topo-Rep	-2.1588356	3.9292195
Skin-Melanoma_SBS7c	Skin-Melanoma	SBS7c	SBS7c	6	Topo-StressD	3.5333807	1.5698404
Skin-Melanoma_SBS7d	Skin-Melanoma	SBS7d	SBS7d	6	Topo-StressD	-1.0460771	1.8837667
Stomach-AdenoCA_M16	Stomach-AdenoCA	SBS8	Mu2/SBS8	0	Topo-CanD II	6.072375	1.1242658
Stomach-AdenoCA_M17	Stomach-AdenoCA	SBS17b	SBS17b:early replicating	6	Topo-StressD	-1.2487787	1.2037284
Stomach-AdenoCA_SBS1	Stomach-AdenoCA	SBS1	SBS1	4	Topo-5mc	-1.3772614	6.995761
Stomach-AdenoCA_SBS13	Stomach-AdenoCA	SBS13	SBS13	1	Topo-RepAPOBEC	-2.7436192	2.8800871
Stomach-AdenoCA_SBS17a	Stomach-AdenoCA	SBS17a	SBS17a	0	Topo-CanD II	6.1091638	2.213556
Stomach-AdenoCA_SBS17b	Stomach-AdenoCA	SBS17b	SBS17b	0	Topo-CanD II	6.0097523	2.4776945
Stomach-AdenoCA_SBS18	Stomach-AdenoCA	SBS18	SBS18	8	Topo-CanD I	3.6911683	0.6164261
Stomach-AdenoCA_SBS2	Stomach-AdenoCA	SBS2	SBS2	2	Topo-CanAPOBEC	-1.909277	1.2888528
Stomach-AdenoCA_SBS28	Stomach-AdenoCA	SBS28	SBS28	0	Topo-CanD II	5.9130836	2.4412436
Stomach-AdenoCA_SBS3	Stomach-AdenoCA	SBS3	Mu1:HRD	7	Topo-Rep	-2.3518918	3.786195
Stomach-AdenoCA_SBS30	Stomach-AdenoCA	SBS30	SBS30	2	Topo-CanAPOBEC	0.74369305	0.6203272
Stomach-AdenoCA_SBS41	Stomach-AdenoCA	SBS34	SBS34	2	Topo-CanAPOBEC	-0.46072495	1.3863776
Stomach-AdenoCA_SBS5	Stomach-AdenoCA	SBS16	SBS16	3	Topo-Tr	-3.7118225	1.5364592
Stomach-AdenoCA_SBS8	Stomach-AdenoCA	SBS8	SBS8:HRD	6	Topo-StressD	1.5495936	0.76145506
Stomach-AdenoCA_SBS93	Stomach-AdenoCA	SBS93	SBS93	2	Topo-CanAPOBEC	1.5501926	0.21565235
Uterus-AdenoCA_M7	Uterus-AdenoCA	Mu5	Mu5	6	Topo-StressD	0.90091157	2.973012
Uterus-AdenoCA_M8	Uterus-AdenoCA	Mu4	Mu4	4	Topo-5mc	-1.1982461	4.5770097
Uterus-AdenoCA_M9	Uterus-AdenoCA	SBS8	SBS8:HRP	8	Topo-CanD I	3.760413	0.030512828
Uterus-AdenoCA_SBS1	Uterus-AdenoCA	SBS1	SBS1	4	Topo-5mc	-1.2360018	6.3421555
Uterus-AdenoCA_SBS13	Uterus-AdenoCA	SBS13	SBS13	1	Topo-RepAPOBEC	-3.4140744	2.0974236
Uterus-AdenoCA_SBS18	Uterus-AdenoCA	SBS18	SBS18	8	Topo-CanD I	4.088999	-0.13330078
Uterus-AdenoCA_SBS2	Uterus-AdenoCA	SBS2	SBS2	2	Topo-CanAPOBEC	-1.5645695	1.2154472
Uterus-AdenoCA_SBS3	Uterus-AdenoCA	SBS3	SBS3	7	Topo-Rep	-1.3483634	2.4712968
Uterus-AdenoCA_SBS5	Uterus-AdenoCA	SBS5	SBS16	7	Topo-Rep	-1.1505419	3.8340993
Uterus-AdenoCA_SBS9	Uterus-AdenoCA	SBS28	SBS28	6	Topo-StressD	0.26255816	2.1778302
